file,title,description,alternative,copyright
"10","","","","cc-by-nc;DiÖ"
"18","","","","cc-by-nc;Diö"
"41","","","Logo FWF - Der Wissenschaftsfonds",""
"42","","","Logo FWF - Der Wissenschaftsfonds",""
"43","","","Logo der Österreichische Akademie der Wissenschaften",""
"44","","","Logo der Österreichische Akademie der Wissenschaften",""
"50","","","Logo Universität Wien",""
"60","","","","cc-by-nc-nd"
"76","","","","© Barbara Mair-Ret"
"81","","","","cc 0"
"82","","","","cc0"
"107","","","DiÖ Logo blau","cc-by; Arnold Graf"
"113","","","","Buchcover de Gruyter"
"115","","","","(c) Lorenz Bogdanovics"
"116","","","","(c) Lorenz Bogdanovics"
"124","","","","cc-by; Lars Bülow/Ludwig M. Breuer"
"125","","","","cc-by; Alexandra N. Lenz"
"127","","","","cc-by-sa; Ludwig M. Breuer / Martin Gasteiner / Barbara Heinisch"
"134","","","","cc-by-sa; Ludwig Maximilian Breuer"
"135","","","","cc-by-sa; Ludwig Maximilian Breuer"
"136","","","","cc-by-sa; Ludwig Maximilian Breuer"
"138","","","","cc-by-sa; Ludwig Maximilian Breuer"
"137","","","","cc-by-sa; Ludwig Maximilian Breuer"
"139","","","","cc-by-sa; Ludwig Maximilian Breuer"
"140","","","","cc-by-sa; Ludwig Maximilian Breuer"
"141","","","","cc-by-sa; Ludwig Maximilian Breuer"
"142","","","","cc-by-sa; Wattcle (Own work) via Wikimedia Commons"
"153","","","","(c) Barbara Mair"
"177","","","","cc-by; Alexandra N. Linz"
"182","","","","cc-by;Johanna Fanta"
"183","","","","cc-by;Johanna Fanta"
"186","","","","cc-by;Johanna Fanta"
"185","","","","cc-by;Johanna Fanta"
"188","","","","MPL"
"189","","","","MPL"
"206","","","","cc-by; Stefanie Moog"
"207","","","","cc-by; Stefanie Moog"
"208","","","","cc-by; Stefanie Moog"
"209","","","","cc-by; Stefanie Moog"
"216","","","","cc-by; DiÖ"
"222","","","","cc-by-sa; DiÖ"
"223","","","","cc-by-sa; DiÖ"
"224","","","","cc-by-sa; DiÖ"
"225","","","","cc-by-sa; DiÖ"
"226","","","","cc-by-sa; DiÖ"
"230","","","","© CENTRAL-Netzwerk"
"231","","","","© CENTRAL-Netzwerk"
"232","","","","cc-by-sa; Kim, Agnes / Yazhinova, Uliana / Vyskočilová, Karolína"
"233","","","","© Uliana Yazhinova"
"234","","","","© Uliana Yazhinova"
"235","","","","cc-by; DiÖ"
"242","","","","cc-by-sa; Katharina Korecky-Kröll"
"243","","","","cc-by-sa; Katharina Korecky-Kröll"
"244","","","","cc-by-sa; Katharina Korecky-Kröll"
"245","","","","cc-by-sa; Katharina Korecky-Kröll"
"246","","","","cc-by; Bülow, Lars / Rusch, Yvonne"
"247","Erhebung Golling","","","cc-by; Bülow, Lars / Rusch, Yvonne"
"251","","","","cc-by; Schmidinger, Martina / Koppensteiner, Wolfgang"
"252","","","","cc-by; Schmidinger, Martina / Koppensteiner, Wolfgang"
"253","","","","cc-by; Schmidinger, Martina / Koppensteiner, Wolfgang"
"254","","","","cc-by; Schmidinger, Martina / Koppensteiner, Wolfgang"
"256","","","","cc-by; DiÖ"
"259","","","","cc-by; Wolfgang Koppensteiner"
"264","","","","cc-by; Rusch, Yvonne "
"268","","","","cc-by; CENTRAL-Netzwerk "
"269","","","","cc-by-sa; CENTRAL-Netzwerk"
"270","","","","cc-by-sa; CENTRAL-Netzwerk "
"273","Team Panel 1: ""Experimental approaches in the realm of language variation""","","","© Lenz, Alexandra"
"274","malaga_03.jpg","","","cc-by-sa; Korecky-Kröll, Katharina"
"275","malaga_02.jpg","","","cc-by-sa; Korecky-Kröll, Katharina"
"277","malaga_05.jpg","","","cc-by-sa; Korecky-Kröll, Katharina"
"276","malaga_04.jpg","","","cc-by-sa; Korecky-Kröll, Katharina"
"279","","","","cc-by-sa; Korecky-Kröll, Katharina"
"290","","","","cc-by-sa; Seltmann, Melanie"
"291","","","","cc-by-sa; Seltmann, Melanie"
"292","","","","cc-by-sa; Seltmann, Melanie"
"293","","","","cc-by-sa; Seltmann, Melanie"
"294","","","","cc-by-sa; Seltmann, Melanie"
"295","","","","cc-by; Ludwig Maximililan Breuer"
"296","","","","© Christoph Draxler"
"297","","","","© Daniel Jettka"
"299","","","","© Kai-Uwe Carstensen / Aynalem Misganaw"
"300","","","","© Christoph Purschke"
"301","","","","© Robert Engsterhold"
"302","","","","© Kim, Agnes"
"304","","","","© Kim, Agnes"
"305","","","","© Yazhinova, Uliana "
"306","","","","© Herbert, Kristina"
"307","aila02.jpg","","","© Herbert, Kristina"
"308","","","","© Herbert, Kristina"
"309","","","","© Herbert, Kristina"
"310","","","","cc-by; DiÖ"
"312","","","","© Wolfgang Koppensteiner "
"313","","","","© Wolfgang Koppensteiner "
"314","Rahmenkonzept zu MiÖ","","","© Kim, Agnes"
"315","","Die Zweisprachigkeit bestimmter Gemeinden in Österreich wird durch zweisprachige Ortstafeln zum Ausdruck gebracht. Hier (v.l.n.r.): 1. Großwarasdorf (kroat. Veliki Borištof, ung. Szabadbáránd), Burgenland, Deutsch – Burgenlandkroatisch, 2. Oberwart (ung. Felsőőr, kroat. Borta, rom. Erba), Burgenland, Deutsch – Ungarisch; 3. Ludmannsdorf (slowen. Bilčovs), Kärnten, Deutsch – Slowenisch.","","CC-0"
"323","","","","cc-by; Gasteiner, Martin"
"324","","","","cc-by; Gasteiner, Martin"
"325","","","","cc-by; Gasteiner, Martin"
"326","","","","cc-by; Gasteiner, Martin"
"327","","","","cc-by; Gasteiner, Martin"
"328","","","","cc-by; Gasteiner, Martin"
"329","","","","cc-by-sa; Heinisch, Barbara / Seltmann, Melanie / Breuer, Ludwig Maximilian"
"334","","","","cc-by; DiÖ"
"337","","","","© Peter Lang Verlag"
"347","","","","cc-by; DiÖ"
"355","","Task Cluster C (v.l.n.r.: Maria Schinko, Martina Schmidinger, Natália Kancelová) in Brașov/Kronstadt.","","Kancelová, Natália"
"356","","Draculaschloss, so, wie man es sich vorstellt","","Kancelová, Natália"
"357","","Maria Schinko bei ihrem Vortrag am ACECEL-Workshop in Berlin.","","Newerkla, Stefan-Michael"
"358","","Draculaschloss freundlich","","Kancelová, Natália"
"359","","Agnes Kim stellt das CENTRAL-Kolleg 2017 beim ACECEL-Workshop in Berlin vor.","","Newerkla, Stefan-Michael"
"362","","Das Symbolbild von „In aller Munde und aller Köpfe – Deutsch in Österreich“ stellt die Vielfalt der Menschen und Wissenschaft dar und ist ein Sinnbild dafür, dass jede/r bei „I am DiÖ“ mitmachen kann. Wir möchten die Anliegen und Fragen aller Interessierten sichtbar machen und zur Reflexion über den eigenen Sprachgebrauch und die Sprachwahrnehmung anregen. Das funktioniert am besten über Fragen, die entweder von unseren ForscherInnen oder den BürgerInnen  durch eigene Forschung selbst beantwortet werden.","","cc-by; Graf, Arnold"
"364","","Bei unseren Aktionen, z. B. der <a href=""https://lingscape.uni.lu/"">Lingscape</a>-Schnitzeljagd nach Schrift im öffentlichen Raum können sich BürgerInnen u. a. auf die Suche nach umgangssprachlichen oder dialektalen Ausdrücken auf den Straßen Österreichs begeben. Österreichische Besonderheiten wie hier, gibt es viele. Man muss sie nur finden.","","© Lingscape"
"363","Heinisch_Seltmann_Breuer2017.pdf","„In aller Munde und aller Köpfe – Deutsch in Österreich“ wurde zum ersten Mal im September 2017 bei der <a href=""https://jrm2017.univie.ac.at"">AILA 2017 </a>(AILA – Europe Junior Researcher Meeting in Applied Linguistics), der Konferenz für NachwuchswissenschafterInnen in der angewandten Sprachwissenschaft, der Wissenschaftsgemeinschaft vorgestellt.","","cc-by-sa; Heinisch, Barbara/Seltmann, Melanie/Breuer, Ludwig M."
"365","","Bei der Frage des Monats können Mitforschende ihre Fragen zum Thema Gebrauch und Wahrnehmung der deutschen Sprache in Österreich posten und – vorzugsweise – auch selbst beantworten.","","cc-by; Topitz, Esther"
"366","","„In aller Munde und aller Köpfe – Deutsch in Österreich“ wurde zum ersten Mal im September 2017 bei der <a href=""https://jrm2017.univie.ac.at"">AILA 2017 </a>(AILA – Europe Junior Researcher Meeting in Applied Linguistics), der Konferenz für NachwuchswissenschafterInnen in der angewandten Sprachwissenschaft, der Wissenschaftsgemeinschaft vorgestellt.","","cc-by; Heinisch, Barbara"
"368","","Bei der Frage des Monats können Mitforschende ihre Fragen zum Thema Gebrauch und Wahrnehmung der deutschen Sprache in Österreich posten und – vorzugsweise – auch selbst beantworten.","","cc-by; Topitz, Esther"
"369","","Bei der Frage des Monats können Mitforschende ihre Fragen zum Thema Gebrauch und Wahrnehmung der deutschen Sprache in Österreich posten und – vorzugsweise – auch selbst beantworten.","","cc-by; Topitz, Esther"
"372","Frage des Monats","Deutsch in Österreich - Fragezeich der Frage des Monats","",""
"373","","","","© Uni Graz"
"374","","","","© Uni Graz"
"375","","","","© Uni Graz"
"378","Innsbrucker Dom","","","cc-by-sa; Seltmann, Melanie"
"379","Blick in die Berge","","","cc-by-sa; Seltmann, Melanie"
"380","Vortrag des Tiroler Dialektarchivs","","","cc-by-sa; Seltmann, Melanie"
"381","Blick vom Univorplatz","","","cc-by-sa; Seltmann, Melanie"
"382","Innsbruck und Inn","türkisblauer Inn vor bunte innsbrucker Häuserfront","","cc-by-sa; Seltmann, Melanie"
"383","","","","cc-by-sa; Seltmann, Melanie / Heinisch, Barbara / Breuer, Ludwig Maximilian"
"389","","","","© Seltmann, Melanie"
"396","","Wirtshaus","","cc-by; TreasureLA"
"397","","Salzburg","","cc-by; Burns,Brandon"
"398","","Wie sich die Stadtbezeichnung von Bratislava änderte... @Konditorei Kormuth ","","©Natália Kancelová"
"399","","Wie die historische Mehrsprachigkeit noch immer im Stadtbild sichtbar ist... @Bratislava-Innenstadt","","©Natália Kancelová"
"400","","Wie wir wieder die Schulbank drückten... @Museum für Schulwesen und Pädagogik (http://www.msap.sk/)","","©Natália Kancelová"
"401","","Wie Gott in der Slowakei leben...   ","","©Natália Kancelová"
"402","","Vortragssession zu Kooperation von Citizen Science Projekten auf der Österreichischen Citizen Science Konferenz 2018 in Salzburg.","Workshop zu Kooperation von Citizen Science Projekten","cc-by; Heinisch, Barbara"
"403","","Workshop zu Kooperation von Citizen Science Projekten auf der Österreichischen Citizen Science Konferenz 2018 in Salzburg.","Workshop zu Kooperation von Citizen Science Projekten","cc-by-sa; Seltmann, Melanie"
"421","","","","cc-by-sa; Seltmann, Melanie"
"425","Gerasdorf Bhf","","","cc-by-sa; Bercko, Nina "
"426","Weinitzen b.G.","","","cc-by-sa; Bercko, Nina "
"424","Gerasdorf Ortsschild","","","cc-by-sa; Bercko, Nina "
"427","Gerasdorf b.W. Ortsschild","","","cc-by-sa; Bercko, Nina "
"429","","","","cc-by-sa; Heers, Fernando"
"430","","","","cc-by-sa; Stocker, Rebecca"
"431","","","","cc-by-sa; Stocker, Rebecca"
"444","FdM@LNF","Fragen der Interessierten an Deutsch in Österreich.","","cc-by; Heinisch, Barbara"
"445","","Der IamDiÖ-Stand auf der Langen Nacht der Forschung 2018.","","cc-by-sa; Stocker, Rebecca"
"446","","Die Comicwand unserer Mitmach-Station.","","cc-by; Heinisch, Barbara"
"447","","Vortrag beim DoktorandInnen-Workshop.","Vortragende beim DoktorandInnen-Workshop","cc-by-sa; Seltmann, Melanie"
"448","","Vortrag beim DoktrorandInnen-Workshop.","Vortrag beim DoktorandInnen-Workshop","cc-by-sa; Tavernier, Florian"
"449","","Kaffetratsch in der Kaffeepause des DoktorandInnen-Workshops.","Kaffeepause beim WoktorandInnen-Workshop","cc-by-sa; Seltmann, Melanie"
"451","","Begrüßung zum DoktorandInnen-Workshop","Am Begrüßungstisch werden die Namensschilder vergeben","cc-by-sa; Tavernier, Florian"
"460","SFB-Days Vortrag","Vortrag auf den SFB-Days 2018 von Frau Prof. Alexandra Lenz","","cc-by-sa; Seltmann, Melanie"
"461","Young Researcher Meeting","Young Researcher Meeting am Beginn der SFB-Days 2018 in Wien","","cc-by-sa; Seltmann, Melanie"
"462","SFB-Days 2018","Ludwig M. Breuer erklärt das Vorgehen der Annotation im SFB Deutsch in Österreich","","cc-by-sa; Seltmann, Melanie"
"463","SFB-Days 2018","Esther Topitz präsentiert das Citizen Science-Projekt IamDiÖ","","cc-by-sa; Stocker, Rebecca"
"464","SFB-Days 2018","Volle Aufmerksamkeit bei den Vorträgen auf den SFB-Days 2018","","cc-by-sa; Stocker, Rebecca"
"465","SFB-Days Conference Dinner","Conference Dinner beim Heurigen in Neustift am Walde","","cc-by-sa; Stocker, Rebecca"
"470","Comic unter der Lupe","Comics mit leeren Sprechblasen können von Teilnehmenden ausgefüllt werden","Ein ausgefüllter Comic wird unter die Lupe genommen","cc-by-nd; Topitz, Esther"
"471","","Logo des BE OPEN Festivals ","",""
"472","Fragen an Deutsch in Österreich","Fragen an Deutsch in Österreich","Fragen an Deutsch in Österreich auf großen bunten Zetteln","cc-by; Heinisch, Barbara"
"477","","Ausblick auf Auckland, Neuseeland","Ausblick auf Auckland, Neuseeland","cc-by; Fischer, Ann Kathrin"
"478","","Teilnehmerinnen und Teilnehmer beim Sociolinguistic Symposium in Auckland","Teilnehmerinnen und Teilnehmer beim Sociolinguistic Symposium in Auckland","cc-by; Moog, Stefanie M."
"479","","Landschaft in Neuseeland","Landschaft in Neuseeland","cc-by; Fischer, Ann Kathrin"
"481","","Die motivierten Kinder toben sich bei der Gestaltung der Lesezeichen kreativ aus.","Kinder basteln Lesezeichen","Krammer, Lisa"
"482","","Ein selbstgebasteltes Lesezeichen mit dem Lieblingswort und einer Selbstbeschreibung in sechs Wörtern.","Ein selbstgebasteltes Lesezeichen","Krammer, Lisa"
"483","","Im Seminarraum: Die Materialien - und wir - waren bereit.","Ein Computerbildschrim, auf dem ""Der Sprachabschneider - Existiert er auch in deiner Sprache?"" zu lesen ist.","Krammer, Lisa"
"484","","Ein Kind präsentiert stolz das selbstgebastelte Lesezeichen.","Ein selbstgebasteltes Lesezeichen","Krammer, Lisa"
"485","","Ein Erinnerungsfoto mit Manfred Glauninger, Lisa Krammer und den teilnehmenden Kindern.","Manfred Glauninger, Lisa Krammer und die teilnehmenden Kinder nach dem Kinderuni-Workshop.","Krammer, Lisa"
"486","","Kinderzeichnung: Die Sprachabschneiderin Gabi","Eine Kinderzeichnung von einer sogenannten ""Sprachabschneiderin"".","Krammer, Lisa"
"487","","Ein Kind zeigt sein selbstgebasteltes Lesezeichen mit dem persönlichen Lieblingswort.","Ein selbstgebasteltes Lesezeichen","Krammer, Lisa"
"490","","Die Sprachabschneiderin Amela","Die Kinderzeichnung einer sogenannten ""Sprachabschneiderin"".","Krammer, Lisa"
"491","","Das Flechten und Gestalten von Lesezeichen bereitet den Kindern große Freude.","Ein Kind bastelt sein eigenen Lesezeichen.","Krammer, Lisa"
"494","BeOpen FWF Festival","","",""
"495","","Kinderzeichnung: Die Sprachabschneiderin alias die Wortklauerin","Die Kinderzeichnung einer sogenannten ""Sprachabschneiderin"".","Krammer, Lisa"
"496","","Kinderzeichnung: Der Sprachabschneider alias Graf von Wörter","Die Kinderzeichnung eines sogenannten ""Sprachabschneiders"".","Krammer, Lisa"
"498","","","","All rights to document image reserved!"
"499","","","","All rights to document image reserved!"
"500","","Lisa Krammer bei der Langen Nacht der Forschung 2018","Lisa Krammer bei der Langen Nacht der Forschung 2018","© Krammer, Lisa"
"501","","Logo des Podcasts MundART","Logo des Podcasts MundART","© Krammer, Lisa"
"502","","Das Wissenschaftskommunikationsprojekt „Kunst als Sprache der Wissenschaft“ machte Lisa Krammers Forschungsprojekt im Rahmen einer öffentlichen Ausstellung als visuelle und auditive Erfahrung erlebbar.","Das Wissenschaftskommunikationsprojekt „Kunst als Sprache der Wissenschaft“ machte Lisa Krammers Forschungsprojekt im Rahmen einer öffentlichen Ausstellung als visuelle und auditive Erfahrung erlebbar.","© Krammer, Lisa"
"504","","","","cc by Alexander Müllner"
"505","","","","cc-by-sa; Stocker, Rebecca"
"506","","","","(c) Moog, Stefanie M."
"507","","","","cc-by-nc-nd; Moog, Stefanie M."
"508","","","","cc-by-nc-nd; Moog, Stefanie M."
"509","","","","cc-by-nc-nd; Moog, Stefanie M."
"510","","","","cc-by-nc-sa; Topitz, Esther"
"511","","","","cc-by-sa; Stocker, Rebecca"
"512","","","","cc-by-sa; Stocker, Rebecca"
"513","","","","cc-by-nc-nd; Moog, Stefanie M."
"520","","BE OPEN, Science, Society, Festival, FWF, Deutsch in Österreich, DiÖ, Maria-Theresien-Platz, Pavillon, Sprachforschung, Grundlagenforschung","",""
"523","","BE OPEN, Science, Society, Festival, FWF, Deutsch in Österreich, DiÖ, Maria-Theresien-Platz, Pavillon, Sprachforschung","",""
"530","","","","cc-by-sa; Stocker, Rebecca"
"540","","","","cc-by-sa; Stocker, Rebecca"
"542","","","","cc-by-sa; Stocker, Rebecca"
"546","","","","cc-by-sa; Stocker, Rebecca"
"549","","","","cc-by; Kim, Agnes"
"550","","","","cc-by; Tyran, Petar"
"551","","","","cc-by; Tyran, Petar"
"553","","","","cc-by; Tyran, Petar"
"555","","Volkszählungsdaten und Daten der Wenkerbögen zu Waltersdorf an der March im Vergleich","","cc-by; Kim, Agnes, Karte erstellt mit regionalsprache.de"
"554","","Schematischer Aufbau des Informationssystems zur (historischen) Mehrsprachigkeit in Österreich","","cc-by; Kim, Agnes"
"556","Zweisprachige_Ortsschilder_in_Österreich","Zweisprachige Ortsschilder in Österreich (v. l. n. r.: Deutsch-Burgenlandkroatisch und Deutsch-Ungarisch im Burgenland, Deutsch-Slowenisch in Kärnten)","","cc-by; Kim, Agnes, Originale von wikimedia commons"
"558","","Schematischer Aufbau des Informationssystems zur (historischen) Mehrsprachigkeit in Österreich","Schematischer Aufbau des Informationssystems zur (historischen) Mehrsprachigkeit in Österreich","CC-BY Agnes Kim"
"558","","Schematic structure of the information system on (historical) multilingualism in Austria","Schematic structure of the information system on (historical) multilingualism in Austria","CC-BY Agnes Kim"
"560","","Schematischer Aufbau des Informationssystems zur (historischen) Mehrsprachigkeit in Österreich","Schematischer Aufbau des Informationssystems zur (historischen) Mehrsprachigkeit in Österreich","CC-BY Agnes Kim"
"562","","Schematischer Aufbau des Informationssystems zur (historischen) Mehrsprachigkeit in Österreich","Schematischer Aufbau des Informationssystems zur (historischen) Mehrsprachigkeit in Österreich","CC-BY Agnes Kim"
"563","","Schematic structure of the information system on (historical) multilingualism in Austria","Schematic structure of the information system on (historical) multilingualism in Austria","CC-BY Agnes Kim"
"564","","Schematic structure of the information system on (historical) multilingualism in Austria","Schematic structure of the information system on (historical) multilingualism in Austria","CC-BY Agnes Kim"
"565","","Schematic structure of the information system on (historical) multilingualism in Austria","Schematic structure of the information system on (historical) multilingualism in Austria","CC-BY Agnes Kim"
"566","","Schematischer Aufbau des Informationssystems zur (historischen) Mehrsprachigkeit in Österreich","Schematischer Aufbau des Informationssystems zur (historischen) Mehrsprachigkeit in Österreich","CC-BY Agnes Kim"
"567","","Ein blauer Aufkleber auf dem in weißer Schrift groß Qualitätssicherung steht; darunter vier weiße Pfeile auf schwarzem Hintergrund","","cc-by Esther Topitz"
"571","","","","cc-by Esther Topitz"
"583","","Die Begrüßung am ersten Tag (Feiertag!) im Bankettsaal.","",""
"584","","Ein Schnappschuss aus der Diskussion zum letzten Plenarvortrag. Im Text unterschlagen ist auch das einmalige Vortragshemd.","",""
"585","","Im Text unterschlagen, gab es neben den Maroni auch Sturm!","",""
"586","","Im Text unterschlagen, aber zumindest bildlich repräsentiert: Es gab auch eine Poster-Session, auf der der SFB gut vertreten war.","",""
"587","","Niemals würde ich während eines Vortrags noch kurz eine Folie bearbeiten. ","",""
"591","","Akustischer Phonetiker in seinem Büro, Wissenschaft betreibend","","© Lozo, Carina"
"592","","Schmalbandspektrogramm von „Käse“ desselben Sprechers","","© Luttenberger, Jan"
"593","","Spektrogramm von „getauft“, gesprochen als [d̥ɒːftʰ]","","© Luttenberger, Jan"
"594","","Symbole („Buchstaben“) des Internationalen Phonetischen Alphabets für Vokale, dargestellt als „Vokaltrapez“","","Lehmann, Christian: https://www.christianlehmann.eu/ling/lg_system/phon/05_Vokale.html [04.12.18]"
"596","","Querschnitt (Sagittalschnitt) der menschlichen Artikulationsorgane","","Hall, T. Alan (2011, 2.Auflage): Phonologie. Eine Einführung. Berlin/New York: Walter de Gruyter GmbH & Co. KG"
"598","","Spektrogramm von „Käse“, gesprochen als [kʰaːs] von einem 69-jährigen Mann aus Kautzen","","© Luttenberger, Jan"
"599","","Spektrogramm von „Käse“, gesprochen als [kʰaːs] von einer 75-jährigen Frau aus Kirchberg am Wechsel","","© Luttenberger, Jan"
"600","","Spektrogramm von „der Wolf“, gesprochen als [d̥ɐ vuɪ̯f]","","© Luttenberger, Jan"
"601","","Spektrogramm von „Löffel“, gesprochen als [lefœ]","","© Luttenberger, Jan"
"602","Tschick","","Zeichnung einer brennenden Tschick, Zigarette","ccby Esther Topitz"
"606","","Spektrogramm von „Löffel“, gesprochen als [lefœ]","",""
"607","","Spektrogramm von „Käse“, gesprochen als [kʰaːs] von einer 75-jährigen Frau aus Kirchberg am Wechsel","","© Luttenberger, Jan"
"610","","Logo des Citizen Science Awards 2019","",""
"611","FdM_Dialekt_Uebersetzung","","Zeichnung; zusehen sind: drei Sprechblase, die jeweils verschiedenen A's enthalten in grün, gelb und blau; sie schweben über einer Filmklappe, Filmrolle und einem aufgeschlagenem Buch","Esther Topitz"
"613","Sprachlandschaft: Werbeplakat Eier","","Werbeplakat mit Eiern die im Stroh liegen, darüber steht Eier","(c) Barbara Soukup"
"614","Sprachlandschaft: Wüst mi Planzn","","Foto eines Pflanzestickers, auf dem im Dialekt steht: Wüst mi Planz'n?","IamDiÖ"
"615","Sprachlandschaft: Speisekarte","","Speisekarte mit Tagesgerichten wie Schweinsbraten und Eiernockerl","IamDiÖ"
"616","Sprachlandschaft: 'Burger'wissenschaften","","Zwei Burgerkartons aus Österreich und Deutschland, Werbung auf deutschem Burger 'Ich liebe es', Werbung auf österreichischem Burger 'I'm lovin' it'","(c) Barbara Soukup"
"617","Sprachlandschaft: Zeitungsstand","","Zeitungsstand mit selbstgeschriebenem Vermerk in einer Mischung aus Englisch und Deutsch/Dialekt: Don't let your Hunzi brunzi on my Papers","(c) Barbara Soukup"
"618","Sprachlandschaft: Werbeplakat Oa/Eier","","Werbeplakat mit Eiern die im Stroh liegen, darüber steht im Dialekt 'Oa'","(c) Barbara Soukup"
"619","Sprachlandschaft: Sommerschluassverkauf","","eine Geschäftsauslage im Sommerschlussverkauf, große Prozent-Symbole, Sale Aufschrift","(c) Barbara Soukup"
"620","Sprachlandschaft: Werbeplakat MA48","","Werbeplakat der Wienermüllabfuhr, Tauben und Ratten fressen weggeworfene Lebensmittel, ein Mistkübel im Vordergrund sagt 'Ka tolles Publikum!'","(c) Barbara Soukup"
"621","Sprachlandschaft: Feldforschung","","Forscherin fotografiert ein Schild","(c) Barbara Soukup"
"622","Sprachlandschaft: MA48","","Aufkleber der Wienermüllabfuhr MA48 auf einem Mistkübel, Spruch: Schau net weg, hau eine dein Dreck!","IamDiÖ"
"629","","Ein Transkriptausschnitt eines Freundesgesprächs","Ein Transkriptausschnitt eines Freundesgesprächs","cc-by-nc-sa; Edler, Stefanie"
"630","","Das Geschenk einer Informantin","Das Geschenk einer Informantin: ein weißes Häferl mit blauen Punkten.","cc-by-nc-sa; Edler, Stefanie"
"639","Beleg 'Fack(e)' aus Zettelkatalog WBÖ","","handgeschriebener Belegzelltel 'Fack(e)' aus Zettelkatalog",""
"640","Beleg 'Fak' 'Saubär' aus Zettelkatalog WBÖ","","handgeschriebener Belegzettel zu 'Fak' und 'Saubär' aus WBÖ Zettelkatalog",""
"641","Philipp Stöckle am Schreibtisch","","Philipp Stöckle sitzt an seinem Schreibtisch",""
"642","Beleg 'Fack' aus Zettelkatalog WBÖ","","handgeschriebener Belegzettel 'du Fack' aus WBÖ Zettelkatalog",""
"643","Fragebogen Schweinezuch","","gedruckter Fragebogen in Fraktur zur Schweinezucht",""
"644","Beleg 'Fack' aus Zettelkatalog WBÖ","","handgeschriebener Belegzelltel 'Fack(e)' aus Zettelkatalog",""
"647","Urwort","","Karikatur eines Neandertalers, der Urwort an eine Höhlenwand schreibt","Esther Topitz"
"648","Abbildung 1","Datenerhebung mit den Schülerinnen und Schülern","DiÖ-Mitarbeiterin unterstützt die Schülerinnen und Schüler bei der Datenerhebung","(c) Fuchs, Eva"
"649","Abbildung 2","Sprachenportrait einer Schülerin","Die Zeichnung zeigt ein Mädchen, dessen Herz rot angemalt ist für Pinzgauerisch, der Kopf ist gelb, weil sie da auf Hochdeutsch denkt, ihre Arme sind grün weil sie auf Englisch schreibt und ihre Beine sind lila, weil sie gerne nach Spanien reisen möchte. ","(c) Fuchs, Eva"
"650","","","","cc-by-sa; Kim, Agnes"
"651","","","","CC BY-SA 4.0"
"653","","","","CC BY-SA 4.0"
"652","","","","CC BY-NC-ND 4.0"
"654","","","","CC BY-SA 4.0"
"655","","","","CC BY-SA 4.0"
"657","","","","CC BY-SA 4.0"
"659","","",""," "
"662","","","","CC BY-NC-SA 4.0"
"663","Abbildung 1:","Buffet von Ströck","Buffet beim Neunter Workshop Sprachwissenschaftliche Dissertationsprojekte der Wiener Germanistik and friends","(c) Krammer, Lisa"
"664","Abbildung 3:","Vortrag Melanie Elisabeth-H. Seltmann","Melanie Elisabeth-H. Seltmann präsentiert ihr Forschungsprojekt beim Workshop Sprachwissenschaftliche Dissertationsprojekte der Wiener Germanistik and friends","(c) Krammer, Lisa"
"665","Abbildung 4:","Vortrag Lisa Krammer","Lisa Krammer präsentiert ihr Forschungsprojekt beim Workshop Sprachwissenschaftliche Dissertationsprojekte der Wiener Germanistik and friends","(c) Seltmann, Melanie Elisabeth-H."
"666","Abbildung 2:","Austausch in der Kaffeepause ","Die TeilnehmerInnen des Workshops tauschen sich in der Pause am Buffet über ihre Forschung aus.","(c) Krammer, Lisa"
"676","Abbildung 1","Sprachwechsel in action: Slowenisch als Umgangssprache in Kärnten 1880 vs. 2001 laut der Volkszählung. ","Sprachwechsel in action: Slowenisch als Umgangssprache in Kärnten 1880 vs. 2001 laut der Volkszählung.","(c) Prochazka, Katharina, Hintergrundkarte: Land Kärnten – ktn.data.gv.at "
"677","Abbildung 2","Physik at work: So stellt man sich das meistens nicht vor. ","Katharina Prochazka an ihrem Arbeitsplatz, Wissenschaft betreibend","(c) Kim, Agnes "
"678","Abbildung 3","Big data im Kleinformat: Sogenannte Lehrerkalender (hier aus Kärnten von 1880 bis 2002) geben Auskunft, wo in welcher Sprache unterrichtet wurde. Nicht in Bilder zu fassen: Die mühevolle Digitalisierung der Daten.","Bücher, sogenannte Lehrerkalender, in einer Reihe aufgestellt","(c) Prochazka, Katharina "
"683","FdM_Golatsche","","Zeichnung einer Golatsche",""
"692","Abbildung 1","Posterpräsentation von Pamela Goryczka in Ascona 2018","Pamela Goryczka präsentiert ihr Poster im Rahmen von ""variationist linguistics meets contact linguistics"" in Ascona 2018","(c) Goryczka, Pamela "
"691","Abbildung 2","Auszeichnung mit dem Special Recognition Prize für das Poster von Pamela Goryczka","Auszeichnung mit dem Special Recognition Prize für das Poster von Pamela Goryczka","(c) Goryczka, Pamela "
"693","Abbildung 3","DiÖ-Team und Freunde in Ascona 2018","DiÖ-Team und Freunde auf der ""variationist linguistics meets contact linguistics""-Konferenz in Ascona 2018","(c) Goryczka, Pamela "
"696","Screenshot aus Sprachproduktionstest mit ""lebendem Stimuli""","Screenshot aus Sprachproduktionstest mit ""lebendem Stimuli""","","Alle Rechte am Bild vorbehalten!"
"697","Screenshot aus Sprachproduktionstest mit ""lebendem Stimuli""","Screenshot aus Sprachproduktionstest mit ""lebendem Stimuli""","","Alle Rechte am Bild vorbehalten!"
"698","Sprachproduktionstest: Possesion","Sprachproduktionstest: Possesion","Bild aus den Sprachproduktionstests zur Possession","Alle Rechte am Bild vorbehalten!"
"699","Erhebungssetting für die Sprachproduktionstests","Erhebungssetting für die Sprachproduktionstests","","Alle Rechte am Bild vorbehalten!"
"724","","","","Barbara Heinisch"
"726","","","","cc by OeAD GmbH/APA-Fotoservice/Schedl"
"727","","","","Rebecca Stocker"
"728","","","Gruppenfoto der Gewinnerinnen und Gewinner des Citizen Science Awards","cc by OeAD GmbH/APA-Fotoservice/Schedl"
"729","","","","OeAD GmbH/APA-Fotoservice/Schedl"
"730","","","","OeAD GmbH/APA-Fotoservice/Schedl"
"732","Blick in das DiÖ-Pavillon beim BeOpen-Festival 2018","","Blondes Mädchen blickt über die Tischkante auf die SFB-Postkarten","(c) Stefanie M. Moog"
"733","Cover von Dimensions of Linguistic Space: Variation - Multilinguialism - Conceptualisations","","Cover von Dimensions of Linguistic Space: Variation - Multilinguialism - Conceptualisations","(c) Peter Lang"
"734","Gruppenfoto ","","Gruppenfoto vor dem SFB-Pavillon am Maria-","(c) Stefanie M. Moog"
"735","'a full Canadian experience'","Niagarafälle im Schneegestöber","Niagarafälle im Schneegestöber","(c) Tscheru, Gerrit"
"736","Toronto","Toronto, Kanada","Torontos Skyline bei Sonnenschein","(c) Fischer, Ann Kathrin"
"738","'a full Canadian experience'","Verkostung kanadischer Weine","Das PP04-Team verkostet kanadische Weine","(c) Tagliamonte, Sali"
"737","Workshop-Dinner","","Gruppenfoto am Dinnerabend ","(c) Tagliamonte, Sali"
"739","Winterliches Toronto bei Nacht","Winterliches Toronto bei Nacht","Nächtlicher blick auf verschneite Straßenkreuzung in Toronto mit Skyline im Hintergrund","(c) Rakocevic, Dragana"
"740","Trinity College in Toronto","Tagungsort des internationalen Workshops ""Urban and Rural Language Research: Variation, Identity and Innovation"", das Trinity College in Kanada.","Blick auf das Trinity College in Toronto","(c) Edler, Stefanie"
"741","","Teilnehmerinnen und Teilnehmer des internationalen Workshops ""Urban and Rural Language Research: Variation, Identity and Innovation"" in Toronto.","Gruppenfoto der Teilnehmerinnen und Teilnehmer des internationalen Workshops ""Urban and Rural Language Research: Variation, Identity and Innovation"" in Toronto.","(c) Tagliamonte, Sali"
"742","Internationaler Workshop ""Urban and Rural Language Research: Variation, Identity and Innovation""","Teilnehmerinnen und Teilnehmer des internationalen Workshops ""Urban and Rural Language Research: Variation, Identity and Innovation"" in Toronto.","Gruppenfoto der Teilnehmerinnen und Teilnehmer des internationalen Workshops ""Urban and Rural Language Research: Variation, Identity and Innovation"" in Toronto.","(c) Tagliamonte, Sali"
"749","AdA-Karte: Blaubeere / Heidelbeere","","","Alle Rechte am Bild vorbehalten!"
"746","AdA-Karte: Mei / ha / ach","","","Alle Rechte am Bild vorbehalten!"
"748","AdA-Karte: Eiweiß / Eiklar","","","Alle Rechte am Bild vorbehalten!"
"751","AdA-Karte: Apfelrest","","","Alle Rechte am Bild vorbehalten!"
"750","AdA-Karte: Naja / ja mei / ja","","","Alle Rechte am Bild vorbehalten!"
"747","AdA-Karte: leicht (Modalpartikel)","","","Alle Rechte am Bild vorbehalten!"
"753","","","","cc-by: Yvonne Rusch"
"866","","","Wörterbucheintrag zum Begriff Virus","Österreichisches Wörterbuch, 43. Auflage, 2016; Foto: I. Vukovics"
"879","","","","ÖAW"
"880","","","","ÖAW"
"881","","","","ÖAW"
"882","","","","ÖAW"
"893","","","Wenkerbogen aus einer Schule im 1. Bezirk, 1. Seite","Wenker, Georg (1888–1923): Sprachatlas des Deutschen Reichs. Handgezeichnetes Original von Emil Maurmann, Georg Wenker und Ferdinand Wrede. Marburg. [Publiziert als Digitaler Wenker-Atlas (DiWA); URL www.regionalsprache.de]."
"895","","","Wenkerbogen aus einer Schule im 1. Bezirk, 2. Seite","Wenker, Georg (1888–1923): Sprachatlas des Deutschen Reichs. Handgezeichnetes Original von Emil Maurmann, Georg Wenker und Ferdinand Wrede. Marburg. [Publiziert als Digitaler Wenker-Atlas (DiWA); URL www.regionalsprache.de]."
"896","","","","CC BY-SA M. Seltmann, dioe.at | regionalsprache.de"
"899","","","Zeichnung; zusehen ist der Umriss Österreichs, darüber werden mit einem Lineal Linien zur Unterteilung gezogen","Esther Topitz"
"966","Expressive Komposita","","","CC BY-SA M. Seltmann, K. Korecky-Kröll, dioe.at | regionalsprache.de"
"970","Grundannahme der beiden Teilprojekte von Task-Cluster C","","","cc-by; Kim, Agnes"
"971","Untersuchungsgebiete von PP05","","","cc-by; Kim, Agnes"
"975","","","","CC BY-NC-SA Stefanie Edler"
"976","","","","CC BY-NC-SA Dragana Rakocevic"
"986","","","","cc-by; Rusch, Yvonne
"988","","","Grafik von zwei Figuren, die miteinander telefonieren","Esther Topitz"
"989","","","","cc-by; IamDiÖ"
"1019","","Bildung eines palatalen [λ] (Sagittalschnitt)","","cc-by; Kim; Agnes"
"1020","","Bildung eines retroflexen [ɭ] (Sagittalschnitt)","","cc-by; Kim, Agnes"
"1021","","Bildung eines velaren [ʟ] (Sagittalschnitt)","","cc-by; Kim, Agnes"
"1022","","F2-Werte von Lateralen in ostösterreichischen Erhebungsorten nach Position im Wort basierend aus Daten des Teilprojekts 02 „Variation und Wandel dialektaler Varietäten in Österreich (in real- und apparent-time)“ (FWF Projekt Nr. F06002) des SFB-Projekts „Deutsch in Österreich“ (SFB F 60)","","cc-by; Kim, Agnes / Karte erstellt mit regionalsprache.de, Grundkarte cc-by; Seltmann, Melanie"
"1023","","F2-Werte von Lateralen in Wien nach Geschlecht und Vorkommenshäufigkeit (adaptiert nach Schmid/Moosmüller/Kasess (2017)","","cc-by; Kim, Agnes"
"1024","","Spektrogramm der Äußerung „er liest“ mit Hervorhebung der Formanten für den alveolaren Lateral [l]","","cc-by; Luttenberger, Jan"
"1025","","F2-Werte von Lateralen in Kirchberg am Wechsel nach Position im Wort basierend aus Daten des Teilprojekts 02 „Variation und Wandel dialektaler Varietäten in Österreich (in real- und apparent-time)“ (FWF Projekt Nr. F06002) des SFB-Projekts „Deutsch in Österreich“ (SFB F 60)","","cc-by; Kim, Agnes / Karte erstellt mit regionalsprache.de, Grundkarte cc-by Seltmann, Melanie"
"1026","","Spektrogramm der Äußerung „Beutel“ mit Hervorhebung der Formanten für den velarisierten Lateral [ɫ]","","cc-by; Luttenberger, Jan"
"1027","","Bildung eines velarisierten [ɫ] (Sagittalschnitt)","","cc-by; Kim, Agnes"
"1028","","Artikulation eines alveolaren [l] (Sagittalschnitt)","","cc-by; Kim, Agnes"
"1035","","Artikulation eines velarisierten [ɫ] im Vergleich zum alveolaren [l] (Sagittalschnitt)","","cc-by; Kim, Agnes"
"1037","","Realisierung des „L“ in den Herkunftsgebieten der Migrantinnen und Migranten aus den böhmischen Ländern","","cc-by; Kim, Agnes"
"1039","","Anteil der Tschechischsprachigen in Wien nach Bezirk (1910)","","cc-by; Kim, Agnes"
"1049","","","","Image by <a href=""https://pixabay.com/users/geralt-9301/?utm_source=link-attribution&amp;utm_medium=referral&amp;utm_campaign=image&amp;utm_content=2990424"">Gerd Altmann</a> from <a href=""https://pixabay.com/?utm_source=link-attribution&amp;utm_medium=referral&amp;utm_campaign=image&amp;utm_content=2990424"">Pixabay</a>"
"1051","Forschungsbericht","","",""
"1098","","","","cc-by-sa; Kim, Agnes, verwendete Abbildunge siehe unten"
"1135","","","","cc by Ziegler, Theresa"
"1136","","","","cc by Ziegler, Theresa"
"1137","","","","cc by Ziegler, Theresa"
"1140","","Abbildung 5: Word-Sketch für das Adjektiv „utraquistisch“ im Utraquis*-Korpus nach kronlandspezifischen Subkorpora","","cc-by; Kim, Agnes"
"1141","","Abbildung 2: Erstsprache der Schüler und Besuch des Tschechischunterrichts in ausgewählten Gymnasien mit deutscher Unterrichtssprache in Mähren 1904/05","Ein Diagramm zur Erstsprache der Schüler:innen und Besuch des Tschechischunterrichts in ausgewählten Gymnasien mit deutscher Unterrichtssprache in Mähren 1904/05.","cc-by; Kim, Agnes"
"1142","","Abbildung 3: Ausschnitte aus Wenkersatz 3 aus neun verschiedenen Wenkerbögen (18741 Lanzendorf, 18737 Ebendorf, 18703 Frättingsdorf, 18705 Hörersdorf, 18739 Paasdorf, 18738 Mistelbach, 18711 Eibesthal, 18735 Kettlasbrunn, 18734 Hüttendorf)","","cc-by; Kim, Agnes"
"1143","","Abbildung 4: Verteilung der Realisierung des Nebensatzes in Wenkersatz 3 („[…], daß die Milch an zu kochen fängt.“)","","cc-by; Kim, Agnes"
"1144","","Abbildung 1: Gymnasien mit Unterrichtssprache Deutsch im Kronland Mähren (1914)","Eine Karte mit Gymnasien mit Unterrichtssprache Deutsch im Kronland Mähren im Jahr 1914.","cc-by; Kim, Agnes"
"1236","","Abbildung 2: Generationenvergleich zu den Antworten auf die Fragestellung: „Was macht die Person auf den Bildern gerade?“ (im Dialektteil des Fragebogens „Besondere Wörter“)","","(c) Ziegler, Theresa"
"1237","","Abbildung 1: Antworten auf die Fragestellung: „Was macht die Person auf den Bildern gerade?“ (im Dialektteil-des Fragebogens „Besondere Wörter“)","","(c) Ziegler, Theresa"
"1238","","Abbildung 3: Einblick in den aktuellen Fragebogen: Wie nennen Sie das abgebildete Jungtier in Ihrem Dialekt, in Ihrer Umgangssprache oder in ihrem besten Hochdeutsch?","","Bildquelle: https://pixabay.com/de/photos/ferkel-schwein-schweinchen-3673403/"
